"","100","104","105","106","110","114","115","116","food_mean_mean","rate_mean","food_num_mean","rate_num_mean","food_num_sum","rate_num_sum","store_num","money1","money2","money3","money4","cost_all","cost_inside","cost_outside","crash_num","scooter10810","crash_scooter","d_scooter108","income","house10811","population10811","male10811","female10811","sex_rate","num","post","class"
"1",14,38,95,185,86,4,3,0,15624.6258071059,4.26224124753177,42.7561258973176,257.928827620941,12774.6729411765,77268.2682352941,300.463529411765,232.863529411765,59.9223529411765,6.79529411764706,0.658823529411765,22.8133647058823,14.1500941176471,8.66327058823529,1784.90823529412,71397.4376470588,2.47164510435765,92.2964705882353,1557.91764705882,101817.981176471,253152.178823529,118431.291764706,134720.887058824,88.1263516557176,425,8,"high"
"2",13,49,70,103,63,9,2,3,15476.7320954487,4.27179955259615,43.4747258965385,257.62367745032,11518.3493589744,69492.1057692308,270.019230769231,211.583333333333,51.9423076923077,5.71474358974359,0.55448717948718,22.8623076923077,14.2180769230769,8.64423076923077,1832.23397435897,72491.2916666667,2.50394718642949,244.679487179487,1514.37820512821,99569.4615384615,245730.730769231,115073.301282051,130657.429487179,88.2545793551282,312,8,"low"
"3",14,76,122,169,153,9,0,0,15265.2831780479,4.2602982759779,42.9855670825046,258.700602952302,12008.3885819521,73088.6243093923,282.589318600368,223.255985267035,52.6187845303867,5.95395948434622,0.535911602209945,22.9192817679558,14.1354696132597,8.78381215469613,1850.82504604052,72504.4880294659,2.52181693328177,177.686924493554,1507.62062615101,98992.4198895028,244285.546961326,114466.569060773,129818.977900552,88.3424331476059,543,8,"cp"
"4",6,25,52,52,55,1,1,0,15234.1993618229,4.26057809819271,42.7842532226562,258.729317648437,11857.359375,72123.265625,279.098958333333,221.671875,50.9427083333333,5.671875,0.541666666666667,22.9875,14.2140625,8.7734375,1806.57291666667,71329.828125,2.49294022827083,213.859375,1497.05208333333,96627.6666666667,238333.161458333,111720.260416667,126612.901041667,88.4219916619271,192,8,"bad"
