,postcode,name,food_mean_mean,rate_mean,food_num_mean,rate_num_mean,food_num_sum,rate_num_sum,store_num,money1,money2,money3,money4,cost_all,cost_inside,cost_outside,crash_num,scooter10810,crash_scooter,d_scooter108,income,house10811,population10811,male10811,female10811,sex_rate
1,100,中正區,14411.30341,4.494444444,45.86111111,257.25,1651,9261,36,28,7,1,0,23.04,15.37,7.67,2032,56898,3.571303033,18,1491,65746,157851,75163,82688,90.89952593
2,104,中山區,14876.32143,4.29084507,45.99295775,255.2112676,6531,36240,142,118,23,1,0,21.98,13.91,8.07,2469,80067,3.083667429,1488,1373,100788,227429,105581,121848,86.64976036
3,105,松山區,15064.92854,4.226136364,43.01136364,247.4393939,11355,65324,264,214,45,3,1,23.49,15.22,8.27,1067,60744,1.756552087,955,1482,81338,204066,95433,108633,87.84899616
4,106,大安區,16762.76447,4.253865979,42.53092784,255.3917526,16502,99092,388,284,92,11,1,22.15,13.71,8.44,1825,73348,2.488138736,-358,1760,121713,307585,143099,164486,86.99767761
5,110,信義區,14036.54073,4.251211073,41.1349481,272.4186851,11888,78729,289,246,37,6,0,23.71,13.69,10.02,2180,76904,2.834703006,-499,1333,89499,220275,104748,115527,90.66971357
6,114,內湖區,15363.43114,4.376470588,52.76470588,272,897,4624,17,14,3,0,0,23.93,14.98,8.95,1863,101709,1.83169631,387,1247,109608,285838,136212,149626,91.03498055
7,115,南港區,24177.21345,4.64,26.2,350,131,1750,5,3,2,0,0,24.6,16.84,7.76,798,48051,1.660735469,-233,1017,47631,120321,58771,61550,95.48497157
8,116,文山區,20138.86934,4.55,68,197.5,136,395,2,2,0,0,0,24.15,15.38,8.77,1964,96989,2.024971904,546,1190,107364,271840,130067,141773,91.74313868
